{"localpaths":{"ontonotes":"../../data/ontonotes/","ewt":"../../data/google/ewt/","questionbank":"../../data/google/questionbank/","bolt-cts-3":"../../data/bolt/CTS/CTS/03",
           "bolt-cts-2":"../../data/bolt/CTS/CTS/02","bolt-cts-1":"../../data/bolt/CTS/CTS/01","bolt-sms-4":"../../data/bolt/SMS/SMS/04","bolt-sms-3":"../../data/bolt/SMS/SMS/03",
           "bolt-sms-2":"../../data/bolt/SMS/SMS/02","bolt-sms-1":"../../data/bolt/SMS/SMS/01","bolt-sms-5":"../../data/bolt/SMS/SMS/05",
           "bolt-df-1":"../../data/bolt/DF/DF/01","bolt-df-2":"../../data/bolt/DF/DF/02","bolt-df-3":"../../data/bolt/DF/DF/03","bolt-df-4":"../../data/bolt/DF/DF/04","bolt-df-5":"../../data/bolt/DF/DF/05","bolt-df-6":"../../data/bolt/DF/DF/06","bolt-df-7":"../../data/bolt/DF/DF/07"},
"modifications":{"ontonotes":["",""], "ewt":["/00","/penntree"], "questionbank":["questionbank/00",""], "bolt-cts-3":["CTS/CTS/03",""], "bolt-cts-2":["CTS/CTS/02 ",""], "bolt-cts-1":["CTS/CTS/03",""],
     "bolt-sms-3":["SMS/SMS/03",""],"bolt-sms-2":["SMS/SMS/02",""],"bolt-sms-1":["SMS/SMS/01",""],"bolt-sms-4":["SMS/SMS/04",""],"bolt-sms-5":["SMS/SMS/05",""],
             "bolt-df-7":["DF/DF/07",""],"bolt-df-6":["DF/DF/06",""],"bolt-df-5":["DF/DF/05",""],"bolt-df-4":["DF/DF/04",""],"bolt-df-3":["DF/DF/03",""],"bolt-df-2":["DF/DF/02",""],"bolt-df-1":["DF/DF/01",""]},             
"filemoddict":{"questionbank":[["QB-revised","QB-revised.v1"]]},
"metadata":{"ontonotes":"data/files/data/english/annotations/", "ewt":"data/", "questionbank":"data/","bolt-cts-3":"/data/translation-alternates-included/penntree/","bolt-cts-2":"/data/translation-alternates-included/penntree/","bolt-cts-1":"/data/translation-alternates-included/penntree/",
     "bolt-sms-4":"/data/translation-alternates-included/penntree/","bolt-sms-3":"/data/translation-alternates-included/penntree/","bolt-sms-2":"/data/penntree/","bolt-sms-1":"/data/penntree","bolt-sms-5":"/data/translation-alternates-included/penntree/",
     "bolt-df-7":"/data/translation-alternates-removed/penntree/","bolt-df-6":"/data/source/","bolt-df-5":"/data/penntree/","bolt-df-4":"/data/penntree/","bolt-df-3":"/data/penntree/","bolt-df-2":"/data/penntree/","bolt-df-1":"/data/penntree/" 
},
"filemoddict":{"questionbank":[["QB-revised","QB-revised.v1"]],"bolt-df-6":[[".xml.",".xml.meta_removed."]]},
"flagdict":{"questionbank":["--topless"],"ewt":["--topless"], "ontonotes":[], "bolt-cts-3":["--topless"],"bolt-cts-2":["--topless"],"bolt-cts-1":["--topless"],
    "bolt-sms-5":["--topless"],"bolt-sms-4":["--topless"],"bolt-sms-3":["--topless"],"bolt-sms-2":["--topless"],"bolt-sms-1":["--topless"],
    "bolt-df-1":["--topless"],"bolt-df-2":["--topless"],"bolt-df-3":["--topless"],"bolt-df-4":["--topless"],"bolt-df-5":["--topless"],"bolt-df-6":["--topless"],"bolt-df-7":["--topless"]}}	  
