{"tweet_id": "1340015106206392321", "m_id": "9", "m_label": "agree"}
{"tweet_id": "1340570906662322176", "m_id": "2", "m_label": "no_stance"}
{"tweet_id": "1344724371865182208", "m_id": "2", "m_label": "agree"}
{"tweet_id": "1345709249469546496", "m_id": "4", "m_label": "agree"}
{"tweet_id": "1344586458791723008", "m_id": "3", "m_label": "agree"}
{"tweet_id": "1344656327684071426", "m_id": "1", "m_label": "agree"}
{"tweet_id": "1344722715790471175", "m_id": "9", "m_label": "agree"}
{"tweet_id": "1344722715790471175", "m_id": "10", "m_label": "agree"}
{"tweet_id": "1345112521376583681", "m_id": "3", "m_label": "disagree"}
{"tweet_id": "1340079567638319105", "m_id": "2", "m_label": "not_relevant"}
{"tweet_id": "1340079567638319105", "m_id": "4", "m_label": "not_relevant"}
{"tweet_id": "1340612174843097088", "m_id": "1", "m_label": "not_relevant"}
{"tweet_id": "1340023157672054788", "m_id": "10", "m_label": "agree"}
{"tweet_id": "1340023157672054788", "m_id": "9", "m_label": "no_stance"}
{"tweet_id": "1341027164980826113", "m_id": "1", "m_label": "not_relevant"}
{"tweet_id": "1345211664367423494", "m_id": "1", "m_label": "no_stance"}
{"tweet_id": "1344571646271778816", "m_id": "9", "m_label": "agree"}
{"tweet_id": "1340515806736769024", "m_id": "3", "m_label": "agree"}
{"tweet_id": "1343557952637177857", "m_id": "8", "m_label": "agree"}
{"tweet_id": "1345539449690591232", "m_id": "1", "m_label": "no_stance"}
{"tweet_id": "1341036546120675329", "m_id": "7", "m_label": "no_stance"}
{"tweet_id": "1344681397823410176", "m_id": "2", "m_label": "not_relevant"}
{"tweet_id": "1344681397823410176", "m_id": "4", "m_label": "not_relevant"}
{"tweet_id": "1345054679298879488", "m_id": "1", "m_label": "disagree"}
{"tweet_id": "1344518400073203712", "m_id": "8", "m_label": "disagree"}
{"tweet_id": "1343733524235485185", "m_id": "2", "m_label": "agree"}
{"tweet_id": "1344005591346282496", "m_id": "9", "m_label": "agree"}
{"tweet_id": "1339962032725090305", "m_id": "3", "m_label": "not_relevant"}
{"tweet_id": "1340429247287062529", "m_id": "10", "m_label": "no_stance"}
{"tweet_id": "1340047726361235457", "m_id": "8", "m_label": "no_stance"}
{"tweet_id": "1344360255510163456", "m_id": "3", "m_label": "not_relevant"}
{"tweet_id": "1345730803917963265", "m_id": "2", "m_label": "agree"}
{"tweet_id": "1345830932985618441", "m_id": "10", "m_label": "no_stance"}
{"tweet_id": "1345821055466823688", "m_id": "9", "m_label": "agree"}
{"tweet_id": "1341014541828841472", "m_id": "7", "m_label": "no_stance"}
{"tweet_id": "1345687373372391425", "m_id": "9", "m_label": "no_stance"}
{"tweet_id": "1344384959843364865", "m_id": "1", "m_label": "agree"}
{"tweet_id": "1340682415686168581", "m_id": "10", "m_label": "disagree"}
{"tweet_id": "1340050096214466564", "m_id": "1", "m_label": "not_relevant"}
{"tweet_id": "1343985659917168640", "m_id": "3", "m_label": "no_stance"}
{"tweet_id": "1340801935088226304", "m_id": "2", "m_label": "agree"}
{"tweet_id": "1340822949624836096", "m_id": "3", "m_label": "disagree"}
{"tweet_id": "1343811770226364417", "m_id": "4", "m_label": "agree"}
{"tweet_id": "1340968727303622656", "m_id": "10", "m_label": "agree"}
{"tweet_id": "1340133269317283842", "m_id": "1", "m_label": "not_relevant"}
{"tweet_id": "1340133269317283842", "m_id": "3", "m_label": "not_relevant"}
{"tweet_id": "1343328496739889154", "m_id": "3", "m_label": "not_relevant"}
{"tweet_id": "1343325482423468032", "m_id": "3", "m_label": "agree"}
{"tweet_id": "1343559037728776197", "m_id": "2", "m_label": "no_stance"}
{"tweet_id": "1340310267696168962", "m_id": "2", "m_label": "not_relevant"}
{"tweet_id": "1343286666815971329", "m_id": "1", "m_label": "disagree"}
{"tweet_id": "1343377212007804928", "m_id": "9", "m_label": "not_relevant"}
{"tweet_id": "1340465168581574659", "m_id": "4", "m_label": "agree"}
{"tweet_id": "1340745395266342912", "m_id": "9", "m_label": "disagree"}
{"tweet_id": "1345091689367658497", "m_id": "3", "m_label": "not_relevant"}
{"tweet_id": "1344045084996583426", "m_id": "2", "m_label": "no_stance"}
{"tweet_id": "1344300314095198216", "m_id": "3", "m_label": "not_relevant"}
{"tweet_id": "1340538001215012864", "m_id": "3", "m_label": "not_relevant"}
{"tweet_id": "1340782549363245056", "m_id": "8", "m_label": "disagree"}
{"tweet_id": "1344125539280445441", "m_id": "10", "m_label": "agree"}
{"tweet_id": "1345903654901977088", "m_id": "8", "m_label": "no_stance"}
{"tweet_id": "1345625244665487361", "m_id": "4", "m_label": "no_stance"}
{"tweet_id": "1344637897371250689", "m_id": "9", "m_label": "no_stance"}
{"tweet_id": "1340040090773577731", "m_id": "10", "m_label": "no_stance"}
{"tweet_id": "1343289466769780738", "m_id": "1", "m_label": "disagree"}
{"tweet_id": "1344095016294248449", "m_id": "4", "m_label": "disagree"}
{"tweet_id": "1340226466177449985", "m_id": "7", "m_label": "no_stance"}
{"tweet_id": "1340691523189567489", "m_id": "2", "m_label": "not_relevant"}
{"tweet_id": "1340691523189567489", "m_id": "8", "m_label": "no_stance"}
{"tweet_id": "1343679051769245702", "m_id": "1", "m_label": "not_relevant"}
{"tweet_id": "1343679051769245702", "m_id": "2", "m_label": "agree"}
{"tweet_id": "1343679051769245702", "m_id": "7", "m_label": "not_relevant"}
{"tweet_id": "1343679051769245702", "m_id": "4", "m_label": "not_relevant"}
{"tweet_id": "1343679051769245702", "m_id": "8", "m_label": "not_relevant"}
{"tweet_id": "1339956186314104833", "m_id": "3", "m_label": "not_relevant"}
{"tweet_id": "1343901752651726849", "m_id": "2", "m_label": "no_stance"}
{"tweet_id": "1344318123743322114", "m_id": "2", "m_label": "disagree"}
{"tweet_id": "1340248622533914624", "m_id": "10", "m_label": "no_stance"}
{"tweet_id": "1340330605372911620", "m_id": "10", "m_label": "disagree"}
{"tweet_id": "1345360761854558209", "m_id": "9", "m_label": "agree"}
{"tweet_id": "1340121109392465922", "m_id": "2", "m_label": "not_relevant"}
{"tweet_id": "1340934683614355456", "m_id": "10", "m_label": "disagree"}
{"tweet_id": "1344483823422062592", "m_id": "3", "m_label": "not_relevant"}
{"tweet_id": "1343736004948144129", "m_id": "4", "m_label": "disagree"}
{"tweet_id": "1341051648215457793", "m_id": "7", "m_label": "agree"}
{"tweet_id": "1340724575500267520", "m_id": "8", "m_label": "agree"}
{"tweet_id": "1345718136071356417", "m_id": "8", "m_label": "not_relevant"}
{"tweet_id": "1340273494605631491", "m_id": "2", "m_label": "no_stance"}
{"tweet_id": "1345769573270900736", "m_id": "3", "m_label": "not_relevant"}
{"tweet_id": "1340661422045454337", "m_id": "8", "m_label": "agree"}
{"tweet_id": "1340724855516360704", "m_id": "7", "m_label": "disagree"}
{"tweet_id": "1343528298018557954", "m_id": "3", "m_label": "agree"}
{"tweet_id": "1344139815646863360", "m_id": "2", "m_label": "disagree"}
{"tweet_id": "1345049639070953473", "m_id": "2", "m_label": "no_stance"}
{"tweet_id": "1343569248384286720", "m_id": "1", "m_label": "no_stance"}
{"tweet_id": "1340115341553377280", "m_id": "8", "m_label": "no_stance"}
{"tweet_id": "1343584337061670915", "m_id": "8", "m_label": "no_stance"}
{"tweet_id": "1344345483947421697", "m_id": "1", "m_label": "not_relevant"}
{"tweet_id": "1344345483947421697", "m_id": "3", "m_label": "not_relevant"}
{"tweet_id": "1340096098052890626", "m_id": "1", "m_label": "not_relevant"}
{"tweet_id": "1340450138649706498", "m_id": "3", "m_label": "not_relevant"}
{"tweet_id": "1340777493611962368", "m_id": "3", "m_label": "agree"}
{"tweet_id": "1340287536422289413", "m_id": "8", "m_label": "agree"}
{"tweet_id": "1339916606797991937", "m_id": "8", "m_label": "agree"}
{"tweet_id": "1340014465983639552", "m_id": "3", "m_label": "agree"}
{"tweet_id": "1345488033034997761", "m_id": "1", "m_label": "no_stance"}
{"tweet_id": "1339937395391774720", "m_id": "3", "m_label": "not_relevant"}
{"tweet_id": "1343970359503159297", "m_id": "4", "m_label": "no_stance"}
{"tweet_id": "1345095303779770368", "m_id": "1", "m_label": "not_relevant"}
{"tweet_id": "1340311121421611008", "m_id": "3", "m_label": "disagree"}
{"tweet_id": "1340339705339109377", "m_id": "9", "m_label": "no_stance"}
{"tweet_id": "1345124068530425856", "m_id": "10", "m_label": "agree"}
{"tweet_id": "1344735247749902336", "m_id": "1", "m_label": "not_relevant"}
{"tweet_id": "1344735247749902336", "m_id": "2", "m_label": "not_relevant"}
{"tweet_id": "1344735247749902336", "m_id": "7", "m_label": "not_relevant"}
{"tweet_id": "1344735247749902336", "m_id": "10", "m_label": "not_relevant"}
{"tweet_id": "1344735247749902336", "m_id": "3", "m_label": "not_relevant"}
{"tweet_id": "1344735247749902336", "m_id": "9", "m_label": "not_relevant"}
{"tweet_id": "1340366093777592321", "m_id": "7", "m_label": "no_stance"}
{"tweet_id": "1343346666510970881", "m_id": "2", "m_label": "not_relevant"}
{"tweet_id": "1340004495158198273", "m_id": "1", "m_label": "not_relevant"}
{"tweet_id": "1340004495158198273", "m_id": "2", "m_label": "not_relevant"}
{"tweet_id": "1340004495158198273", "m_id": "4", "m_label": "not_relevant"}
{"tweet_id": "1345456034664640512", "m_id": "9", "m_label": "no_stance"}
{"tweet_id": "1344359792534581251", "m_id": "9", "m_label": "no_stance"}
{"tweet_id": "1340780416349827077", "m_id": "9", "m_label": "not_relevant"}
{"tweet_id": "1339984468694736897", "m_id": "4", "m_label": "agree"}
{"tweet_id": "1345428531786838016", "m_id": "8", "m_label": "agree"}
{"tweet_id": "1339938238291701760", "m_id": "2", "m_label": "no_stance"}
{"tweet_id": "1345005768504991745", "m_id": "2", "m_label": "agree"}
{"tweet_id": "1340236413602709510", "m_id": "2", "m_label": "not_relevant"}
{"tweet_id": "1340236413602709510", "m_id": "4", "m_label": "not_relevant"}
{"tweet_id": "1345809657282093062", "m_id": "10", "m_label": "agree"}
{"tweet_id": "1340133652710092800", "m_id": "1", "m_label": "not_relevant"}
{"tweet_id": "1340869999968317442", "m_id": "9", "m_label": "agree"}
{"tweet_id": "1343578457217888257", "m_id": "3", "m_label": "no_stance"}
{"tweet_id": "1344574119833178112", "m_id": "3", "m_label": "not_relevant"}
{"tweet_id": "1340008283751505922", "m_id": "1", "m_label": "agree"}
{"tweet_id": "1341014395162415111", "m_id": "4", "m_label": "disagree"}
{"tweet_id": "1343971352055844867", "m_id": "2", "m_label": "not_relevant"}
{"tweet_id": "1344760767896313857", "m_id": "10", "m_label": "no_stance"}
{"tweet_id": "1345240527495692294", "m_id": "10", "m_label": "agree"}
{"tweet_id": "1345240527495692294", "m_id": "3", "m_label": "not_relevant"}
{"tweet_id": "1345240527495692294", "m_id": "9", "m_label": "agree"}
{"tweet_id": "1340319791329013761", "m_id": "3", "m_label": "no_stance"}
{"tweet_id": "1340710259309092865", "m_id": "1", "m_label": "not_relevant"}
{"tweet_id": "1340710259309092865", "m_id": "7", "m_label": "not_relevant"}
{"tweet_id": "1340370251293347840", "m_id": "1", "m_label": "not_relevant"}
{"tweet_id": "1340370251293347840", "m_id": "2", "m_label": "not_relevant"}
{"tweet_id": "1340370251293347840", "m_id": "7", "m_label": "not_relevant"}
{"tweet_id": "1340370251293347840", "m_id": "4", "m_label": "not_relevant"}
{"tweet_id": "1340370251293347840", "m_id": "10", "m_label": "not_relevant"}
{"tweet_id": "1340674871509049345", "m_id": "10", "m_label": "agree"}
{"tweet_id": "1340056989301231616", "m_id": "8", "m_label": "disagree"}
{"tweet_id": "1340700007310176260", "m_id": "1", "m_label": "not_relevant"}
{"tweet_id": "1340700007310176260", "m_id": "3", "m_label": "not_relevant"}
{"tweet_id": "1344081475248009217", "m_id": "4", "m_label": "disagree"}
{"tweet_id": "1344250529715728386", "m_id": "4", "m_label": "agree"}
{"tweet_id": "1340129026141143041", "m_id": "2", "m_label": "agree"}
{"tweet_id": "1340863272925364224", "m_id": "10", "m_label": "no_stance"}
{"tweet_id": "1345749287171403782", "m_id": "3", "m_label": "agree"}
{"tweet_id": "1340037126788923392", "m_id": "9", "m_label": "agree"}
{"tweet_id": "1340037126788923392", "m_id": "10", "m_label": "agree"}
{"tweet_id": "1344742632711458818", "m_id": "2", "m_label": "disagree"}
{"tweet_id": "1344269985707823108", "m_id": "4", "m_label": "no_stance"}
{"tweet_id": "1345263467528417280", "m_id": "9", "m_label": "disagree"}
{"tweet_id": "1340088300065804289", "m_id": "7", "m_label": "agree"}
{"tweet_id": "1339905005768208384", "m_id": "2", "m_label": "agree"}
{"tweet_id": "1344507064807288832", "m_id": "7", "m_label": "disagree"}
{"tweet_id": "1345059485740634113", "m_id": "9", "m_label": "agree"}
{"tweet_id": "1344778367875358728", "m_id": "7", "m_label": "no_stance"}
{"tweet_id": "1343898394641592320", "m_id": "9", "m_label": "not_relevant"}
{"tweet_id": "1343566239852089349", "m_id": "3", "m_label": "not_relevant"}
{"tweet_id": "1340850055469805568", "m_id": "4", "m_label": "no_stance"}
{"tweet_id": "1345033902721785856", "m_id": "2", "m_label": "disagree"}
{"tweet_id": "1344147683834028032", "m_id": "8", "m_label": "no_stance"}
{"tweet_id": "1345446207389241344", "m_id": "4", "m_label": "no_stance"}
{"tweet_id": "1343951386967420931", "m_id": "1", "m_label": "not_relevant"}
{"tweet_id": "1344627022061043712", "m_id": "3", "m_label": "not_relevant"}
{"tweet_id": "1344271907865178117", "m_id": "9", "m_label": "no_stance"}
{"tweet_id": "1340071547009183747", "m_id": "3", "m_label": "agree"}
{"tweet_id": "1345527454912409600", "m_id": "10", "m_label": "no_stance"}
{"tweet_id": "1343824078831030272", "m_id": "2", "m_label": "disagree"}
{"tweet_id": "1341039729660239872", "m_id": "10", "m_label": "no_stance"}
{"tweet_id": "1341039729660239872", "m_id": "9", "m_label": "no_stance"}
{"tweet_id": "1343784799530610688", "m_id": "9", "m_label": "agree"}
{"tweet_id": "1340704429310394369", "m_id": "4", "m_label": "disagree"}
{"tweet_id": "1340145811305492481", "m_id": "3", "m_label": "disagree"}
{"tweet_id": "1345780111858130944", "m_id": "3", "m_label": "no_stance"}
{"tweet_id": "1344292227091075072", "m_id": "9", "m_label": "not_relevant"}
{"tweet_id": "1340751041969725440", "m_id": "3", "m_label": "not_relevant"}
{"tweet_id": "1340751041969725440", "m_id": "7", "m_label": "not_relevant"}
{"tweet_id": "1344584899597135872", "m_id": "8", "m_label": "no_stance"}
{"tweet_id": "1345505643877322755", "m_id": "10", "m_label": "no_stance"}
{"tweet_id": "1344033660157222919", "m_id": "4", "m_label": "agree"}
{"tweet_id": "1340515771403923457", "m_id": "9", "m_label": "not_relevant"}
{"tweet_id": "1344850991699668994", "m_id": "9", "m_label": "agree"}
{"tweet_id": "1340529976878100480", "m_id": "1", "m_label": "not_relevant"}
{"tweet_id": "1340529976878100480", "m_id": "3", "m_label": "not_relevant"}
{"tweet_id": "1340872865156112384", "m_id": "8", "m_label": "no_stance"}
